American Canyon,american
Benicia,benicia
Burlingame,burlingame
CCCSD,cccsd
CMSA,central_marin
Central Bay,central bay
Crockett CSD Port Costa,ch
Delta Diablo,ddsd
EBDA,ebda
EBMUD,ebmud
Fairfield-Suisun,fs
Las Gallinas,lg
Lower South Bay,lower south bay
Millbrae,millbrae
Mt View,mt_view
Napa,napa
Novato,novato
Palo Alto,palo_alto
Paradise Cove,paradise cove
Petaluma,petaluma
Pinole,pinole
Rodeo,rodeo
SASM,sasm
SFO Airport,sfo
SFPUC Southeast Plant,sf_southeast
SMCSD,sausalito
SVCW,south_bayside
San Jose/Santa Clara,san_jose
San Mateo,san_mateo
San Pablo Bay,san pablo bay
Sonoma Valley,sonoma_valley
South Bay,south bay
South SF,south_sf
Suisun Bay,suisun bay
Sunnyvale,sunnyvale
Tiburon,marin5
Total,total
Treasure Island,treasure_island
Vallejo,vallejo
West County,west_county_richmond
